{
  "diagnostics": {
    "forcing": {
      "c": 1.0,
      "max": -1.0,
      "mean": -1.0,
      "method": "constant",
      "min": -1.0
    },
    "laplacian_check": {
      "l2_delta_h_minus_f": 0.8339369201842727,
      "max_abs_delta_h_minus_f": 12.724492977428387
    }
  },
  "forcing_method": "constant",
  "solver": "conjugate_gradient",
  "solver_info": {
    "elapsed_time": 0.024421401001745835,
    "grid_spacing": [
      0.05084745762711865,
      0.05063291139240506
    ],
    "info_code": 0,
    "ndim": 2,
    "nonzeros": 18320,
    "residual": {
      "l2": 0.8339369201842727,
      "max_abs": 12.724492977428387
    },
    "solver": "conjugate_gradient",
    "unknowns": 3766
  },
  "timing": {
    "derivatives": 0.00019233900093240663,
    "domain": 4.3036001443397254e-05,
    "forcing": 2.862600376829505e-05,
    "solve": 0.024538251003832556
  },
  "validation": {
    "boundary_abs_max": 0.0,
    "boundary_cells": 447,
    "boundary_ok": true,
    "central_stencil_residual_l2": 9.756675127321079e-09,
    "central_stencil_residual_max_abs": 3.54889043707729e-08,
    "finite_gradient": true,
    "finite_h": true,
    "finite_hessian": true,
    "h_max_solve": 0.43960242556174267,
    "h_mean_solve": 0.17071113759718717,
    "h_min_solve": 0.0010709199856022557,
    "input": {
      "free_cells": 4213,
      "fully_free": false,
      "occupied_cells": 587,
      "occupied_fraction": 0.12229166666666667,
      "shape_yx": [
        60,
        80
      ]
    },
    "residual_count": 3766,
    "residual_l2": 9.75667509072393e-09,
    "residual_max_abs": 3.54888953779664e-08,
    "residual_ok": true,
    "result": {
      "boundary_abs_max": 0.0,
      "boundary_cells": 447,
      "boundary_ok": true,
      "central_stencil_residual_l2": 9.756675127321079e-09,
      "central_stencil_residual_max_abs": 3.54889043707729e-08,
      "finite_gradient": true,
      "finite_h": true,
      "finite_hessian": true,
      "h_max_solve": 0.43960242556174267,
      "h_mean_solve": 0.17071113759718717,
      "h_min_solve": 0.0010709199856022557,
      "residual_count": 3766,
      "residual_l2": 9.75667509072393e-09,
      "residual_max_abs": 3.54888953779664e-08,
      "residual_ok": true,
      "solve_cells": 3766,
      "solver_ok": true,
      "solver_status": "unknown",
      "tolerances": {
        "boundary": 1e-08,
        "residual": 1e-05
      },
      "valid": true
    },
    "solve_cells": 3766,
    "solver_ok": true,
    "solver_status": "unknown",
    "tolerances": {
      "boundary": 1e-08,
      "residual": 1e-05
    },
    "valid": true
  },
  "wall_time_s": 0.024815951997879893
}