{
  "shape": [
    60,
    80
  ],
  "h_min": 0.0010709137971541495,
  "h_max": 0.4393006368638753,
  "h_mean": 0.17062293363144404,
  "forcing_min": -1.0,
  "forcing_max": -1.0,
  "free_cells": 4213,
  "solve_cells": 3766,
  "boundary_cells": 447,
  "solver_info": {
    "solver": "sor",
    "elapsed_time": 0.026169388998823706,
    "iterations": 237,
    "converged": true,
    "residual_history": [
      0.003097483573950744,
      0.007311040208517416,
      0.003552904620625852,
      0.0016342345264771518,
      0.0007439145291302518,
      0.00033795000072667225,
      0.00015346334313326437,
      6.968170146853803e-05,
      3.163907225134377e-05,
      1.4365680141570358e-05,
      9.834109090278709e-06
    ],
    "max_change": 9.834109090278709e-06,
    "unknowns": 3766,
    "residual": {
      "max_abs": 12.717925776880936,
      "l2": 0.8336540075267757
    }
  },
  "timing": {
    "domain": 4.407099913805723e-05,
    "forcing": 2.8625996492337435e-05,
    "solve": 0.026326388004235923,
    "derivatives": 0.00018571400141809136
  },
  "diagnostics": {
    "forcing": {
      "method": "constant",
      "c": 1.0,
      "min": -1.0,
      "max": -1.0,
      "mean": -1.0
    },
    "laplacian_check": {
      "max_abs_delta_h_minus_f": 12.717925776880936,
      "l2_delta_h_minus_f": 0.8336540075267757
    }
  }
}