{
  "shape": [
    80,
    80
  ],
  "h_min": 0.0036977784490900023,
  "h_max": 1.1636414921189355,
  "h_mean": 0.5345274429048243,
  "forcing_min": -0.8980674497915877,
  "forcing_max": -0.8980674497915877,
  "free_cells": 5752,
  "solve_cells": 5278,
  "boundary_cells": 474,
  "solver_info": {
    "solver": "sor",
    "elapsed_time": 0.033171889999721316,
    "iterations": 157,
    "converged": true,
    "residual_history": [
      0.01080487400530504,
      0.02057328943682024,
      0.007952909079539716,
      0.0029005127884302873,
      0.001040513476456617,
      0.0003714669517080882,
      0.0001324025755127245,
      9.917248680846313e-05
    ],
    "max_change": 9.917248680846313e-05,
    "unknowns": 5278,
    "residual": {
      "max_abs": 5.93227650052402,
      "l2": 0.6255513735163755
    }
  },
  "timing": {
    "domain": 0.00010603500049910508,
    "forcing": 8.313699981954414e-05,
    "solve": 0.0334173439996448,
    "derivatives": 0.0002662879996933043
  },
  "diagnostics": {
    "forcing": {
      "method": "average_flux",
      "b_bar": -1.0,
      "boundary_measure": 47.400000000000006,
      "volume": 52.78000000000001,
      "f_value": -0.8980674497915877
    },
    "laplacian_check": {
      "max_abs_delta_h_minus_f": 5.93227650052402,
      "l2_delta_h_minus_f": 0.6255513735163755
    }
  }
}