{
  "absolute_error": 0.024756690268197157,
  "gradient": -0.00215320536156065,
  "numerical": 0.022603484906636506,
  "relative_error": 1.09525988450252
}