{
  "source_points_px": [
    [
      0.0,
      0.0
    ],
    [
      672.0,
      0.0
    ],
    [
      672.0,
      896.0
    ],
    [
      0.0,
      896.0
    ]
  ],
  "destination_points_px": [
    [
      0.0,
      0.0
    ],
    [
      639.0,
      0.0
    ],
    [
      639.0,
      479.0
    ],
    [
      0.0,
      479.0
    ]
  ],
  "homography": [
    [
      0.9508928571428571,
      0.0,
      0.0
    ],
    [
      0.0,
      0.5345982142857143,
      0.0
    ],
    [
      0.0,
      0.0,
      1.0
    ]
  ],
  "output_size_px": [
    640,
    480
  ],
  "workspace_size_m": [
    4.0,
    3.0
  ],
  "mode": "assume_top_down"
}