occupancy_version,poisson_solve_time_s,hjr_solve_time_s,snapshot_age_s,optimizer_solve_time_s
30,0.03248746100007338,0.031740342999910354,0.5195853049999641,0.0007384159998764517
