{
  "hjr_solve_time_s": 0.031740342999910354,
  "occupancy_version": 30,
  "poisson_solve_time_s": 0.03248746100007338,
  "snapshot_age_s": 0.5202161239999441
}