{
  "absolute_error": 0.009733920130462675,
  "gradient": 0.05251050239920057,
  "numerical": 0.042776582268737894,
  "relative_error": 0.22755254427085092
}