{
  "diagnostics": {
    "forcing": {
      "c": 1.0,
      "max": -1.0,
      "mean": -1.0,
      "method": "constant",
      "min": -1.0
    },
    "laplacian_check": {
      "l2_delta_h_minus_f": 0.5954597512540762,
      "max_abs_delta_h_minus_f": 6.064273671296666
    }
  },
  "forcing_method": "constant",
  "solver": "sparse_direct",
  "solver_info": {
    "elapsed_time": 0.0206674959990778,
    "grid_spacing": [
      0.05084745762711865,
      0.05063291139240506
    ],
    "ndim": 2,
    "nonzeros": 14663,
    "residual": {
      "l2": 0.5954597512540762,
      "max_abs": 6.064273671296666
    },
    "solver": "sparse_direct",
    "unknowns": 3065
  },
  "timing": {
    "derivatives": 0.0002138050040230155,
    "domain": 8.924800204113126e-05,
    "forcing": 5.811000301036984e-05,
    "solve": 0.0208197760002804
  },
  "validation": {
    "boundary_abs_max": 0.0,
    "boundary_cells": 552,
    "boundary_ok": true,
    "central_stencil_residual_l2": 1.4815771660193335e-14,
    "central_stencil_residual_max_abs": 1.4876988529977098e-13,
    "finite_gradient": true,
    "finite_h": true,
    "finite_hessian": true,
    "h_max_solve": 0.15410292610040643,
    "h_mean_solve": 0.05181569835492938,
    "h_min_solve": 0.0012934660388073424,
    "input": {
      "free_cells": 3617,
      "fully_free": false,
      "occupied_cells": 1183,
      "occupied_fraction": 0.24645833333333333,
      "shape_yx": [
        60,
        80
      ]
    },
    "residual_count": 3065,
    "residual_l2": 1.5901626150868848e-14,
    "residual_max_abs": 1.5631940186722204e-13,
    "residual_ok": true,
    "result": {
      "boundary_abs_max": 0.0,
      "boundary_cells": 552,
      "boundary_ok": true,
      "central_stencil_residual_l2": 1.4815771660193335e-14,
      "central_stencil_residual_max_abs": 1.4876988529977098e-13,
      "finite_gradient": true,
      "finite_h": true,
      "finite_hessian": true,
      "h_max_solve": 0.15410292610040643,
      "h_mean_solve": 0.05181569835492938,
      "h_min_solve": 0.0012934660388073424,
      "residual_count": 3065,
      "residual_l2": 1.5901626150868848e-14,
      "residual_max_abs": 1.5631940186722204e-13,
      "residual_ok": true,
      "solve_cells": 3065,
      "solver_ok": true,
      "solver_status": "unknown",
      "tolerances": {
        "boundary": 1e-08,
        "residual": 1e-05
      },
      "valid": true
    },
    "solve_cells": 3065,
    "solver_ok": true,
    "solver_status": "unknown",
    "tolerances": {
      "boundary": 1e-08,
      "residual": 1e-05
    },
    "valid": true
  },
  "wall_time_s": 0.021205964003456756
}