{
  "diagnostics": {
    "forcing": {
      "c": 1.0,
      "max": -1.0,
      "mean": -1.0,
      "method": "constant",
      "min": -1.0
    },
    "laplacian_check": {
      "l2_delta_h_minus_f": 0.8339369202982889,
      "max_abs_delta_h_minus_f": 12.72449298577533
    }
  },
  "forcing_method": "constant",
  "solver": "sparse_direct",
  "solver_info": {
    "elapsed_time": 0.024321809003595263,
    "grid_spacing": [
      0.05084745762711865,
      0.05063291139240506
    ],
    "ndim": 2,
    "nonzeros": 18320,
    "residual": {
      "l2": 0.8339369202982889,
      "max_abs": 12.72449298577533
    },
    "solver": "sparse_direct",
    "unknowns": 3766
  },
  "timing": {
    "derivatives": 0.00019245499424869195,
    "domain": 4.147300205659121e-05,
    "forcing": 2.81570028164424e-05,
    "solve": 0.024441531000775285
  },
  "validation": {
    "boundary_abs_max": 0.0,
    "boundary_cells": 447,
    "boundary_ok": true,
    "central_stencil_residual_l2": 5.068654359898424e-14,
    "central_stencil_residual_max_abs": 3.831379657981415e-13,
    "finite_gradient": true,
    "finite_h": true,
    "finite_hessian": true,
    "h_max_solve": 0.43960242557140605,
    "h_mean_solve": 0.17071113759718737,
    "h_min_solve": 0.0010709199867728375,
    "input": {
      "free_cells": 4213,
      "fully_free": false,
      "occupied_cells": 587,
      "occupied_fraction": 0.12229166666666667,
      "shape_yx": [
        60,
        80
      ]
    },
    "residual_count": 3766,
    "residual_l2": 5.501442109544883e-14,
    "residual_max_abs": 4.263256414560601e-13,
    "residual_ok": true,
    "result": {
      "boundary_abs_max": 0.0,
      "boundary_cells": 447,
      "boundary_ok": true,
      "central_stencil_residual_l2": 5.068654359898424e-14,
      "central_stencil_residual_max_abs": 3.831379657981415e-13,
      "finite_gradient": true,
      "finite_h": true,
      "finite_hessian": true,
      "h_max_solve": 0.43960242557140605,
      "h_mean_solve": 0.17071113759718737,
      "h_min_solve": 0.0010709199867728375,
      "residual_count": 3766,
      "residual_l2": 5.501442109544883e-14,
      "residual_max_abs": 4.263256414560601e-13,
      "residual_ok": true,
      "solve_cells": 3766,
      "solver_ok": true,
      "solver_status": "unknown",
      "tolerances": {
        "boundary": 1e-08,
        "residual": 1e-05
      },
      "valid": true
    },
    "solve_cells": 3766,
    "solver_ok": true,
    "solver_status": "unknown",
    "tolerances": {
      "boundary": 1e-08,
      "residual": 1e-05
    },
    "valid": true
  },
  "wall_time_s": 0.024717307001992594
}