{
  "collision": false,
  "final_position_xy_m": [
    1.942819326964866,
    1.5474481841582792
  ],
  "final_target": 1,
  "hjr_solve_time_s": {
    "count": 1,
    "maximum": 0.07108224200010227,
    "mean": 0.07108224200010227
  },
  "hold": true,
  "hold_reason": "camera moved; metric map invalid",
  "maximum_omega_active": 0.0,
  "maximum_omega_contingency": 0.0,
  "minimum_active_hj_residual": 7.957892525494378,
  "minimum_contingency_residual": 1.2727174255619316,
  "minimum_effective_h": 0.3421774445889275,
  "minimum_pivot": 2.7422835533724648,
  "minimum_poisson_cbf_residual": 0.3833386376152467,
  "minimum_raw_poisson_h": 0.3521774445889275,
  "minimum_reachable_count": 4,
  "optimizer_solve_time_s": {
    "count": 30,
    "maximum": 0.0006651610001426889,
    "mean": 0.0005109383666573801
  },
  "optimizer_success_fraction": 1.0,
  "poisson_solve_time_s": {
    "count": 1,
    "maximum": 0.042158394000125554,
    "mean": 0.042158394000125554
  },
  "scenario": "camera_moved",
  "switch_events": [],
  "switches": 0,
  "target_reached": false
}