{
  "absolute_error": 0.020737598242507337,
  "gradient": 0.059015280133248416,
  "numerical": 0.03827768189074108,
  "relative_error": 0.5417673489659132
}