{
  "shape": [
    72,
    96
  ],
  "h_min": 0.0016330378364848215,
  "h_max": 0.47447109771593166,
  "h_mean": 0.17655711500297108,
  "forcing_min": -1.0,
  "forcing_max": -1.0,
  "free_cells": 5278,
  "solve_cells": 4696,
  "boundary_cells": 582,
  "solver_info": {
    "solver": "sor",
    "elapsed_time": 0.05324408699380001,
    "iterations": 364,
    "converged": true,
    "residual_history": [
      0.004816037706710485,
      0.008808794192596281,
      0.0027344400356176246,
      0.0008402442661209486,
      0.0002581642820598251,
      7.932179155245578e-05,
      2.437193680759897e-05,
      7.488378189590694e-06,
      2.3008352839082313e-06,
      7.069412005789033e-07,
      2.1721062148927217e-07,
      6.673886587815758e-08,
      2.0505793618674772e-08,
      6.300490462685104e-09,
      1.9358515346290517e-09,
      9.997027650143764e-10
    ],
    "max_change": 9.997027650143764e-10,
    "unknowns": 4696,
    "residual": {
      "max_abs": 5.852508894026201,
      "l2": 0.6145580683175732
    }
  },
  "timing": {
    "domain": 5.448199954116717e-05,
    "forcing": 3.589000698411837e-05,
    "solve": 0.0660997730010422,
    "derivatives": 0.0002993320013047196
  },
  "diagnostics": {
    "forcing": {
      "method": "constant",
      "c": 1.0,
      "min": -1.0,
      "max": -1.0,
      "mean": -1.0
    },
    "laplacian_check": {
      "max_abs_delta_h_minus_f": 5.852508894026201,
      "l2_delta_h_minus_f": 0.6145580683175732
    }
  }
}