{
  "shape": [
    80,
    80
  ],
  "h_min": 0.004117489466108045,
  "h_max": 1.296022459064313,
  "h_mean": 0.595278572015769,
  "forcing_min": -1.0,
  "forcing_max": -1.0,
  "free_cells": 5752,
  "solve_cells": 5278,
  "boundary_cells": 474,
  "solver_info": {
    "solver": "sor",
    "elapsed_time": 0.023903240999970876,
    "iterations": 160,
    "converged": true,
    "residual_history": [
      0.012031250000000002,
      0.022908401191463312,
      0.008855581038356597,
      0.0032297271091423774,
      0.0011586139512105298,
      0.00041362923441146116,
      0.00014743054716559456,
      9.756386510151316e-05
    ],
    "max_change": 9.756386510151316e-05,
    "unknowns": 5278,
    "residual": {
      "max_abs": 6.606724948117568,
      "l2": 0.6966205971280532
    }
  },
  "timing": {
    "domain": 0.0002232409997304785,
    "forcing": 0.00048227399929601233,
    "solve": 0.024510830000508577,
    "derivatives": 0.0003027599996130448
  },
  "diagnostics": {
    "forcing": {
      "method": "constant",
      "c": 1.0,
      "min": -1.0,
      "max": -1.0,
      "mean": -1.0
    },
    "laplacian_check": {
      "max_abs_delta_h_minus_f": 6.606724948117568,
      "l2_delta_h_minus_f": 0.6966205971280532
    }
  }
}