{
  "diagnostics": {
    "forcing": {
      "c": 1.0,
      "max": -1.0,
      "mean": -1.0,
      "method": "constant",
      "min": -1.0
    },
    "laplacian_check": {
      "l2_delta_h_minus_f": 0.5954597512948011,
      "max_abs_delta_h_minus_f": 6.064273672278092
    }
  },
  "forcing_method": "constant",
  "solver": "conjugate_gradient",
  "solver_info": {
    "elapsed_time": 0.020691644996986724,
    "grid_spacing": [
      0.05084745762711865,
      0.05063291139240506
    ],
    "info_code": 0,
    "ndim": 2,
    "nonzeros": 14663,
    "residual": {
      "l2": 0.5954597512948011,
      "max_abs": 6.064273672278092
    },
    "solver": "conjugate_gradient",
    "unknowns": 3065
  },
  "timing": {
    "derivatives": 0.00021245699463179335,
    "domain": 5.688500095857307e-05,
    "forcing": 3.256300260545686e-05,
    "solve": 0.020809606998227537
  },
  "validation": {
    "boundary_abs_max": 0.0,
    "boundary_cells": 552,
    "boundary_ok": true,
    "central_stencil_residual_l2": 8.551218429745302e-09,
    "central_stencil_residual_max_abs": 3.2870880128932356e-08,
    "finite_gradient": true,
    "finite_h": true,
    "finite_hessian": true,
    "h_max_solve": 0.15410292614067847,
    "h_mean_solve": 0.051815698354929676,
    "h_min_solve": 0.0012934660434027587,
    "input": {
      "free_cells": 3617,
      "fully_free": false,
      "occupied_cells": 1183,
      "occupied_fraction": 0.24645833333333333,
      "shape_yx": [
        60,
        80
      ]
    },
    "residual_count": 3065,
    "residual_l2": 8.551218500753449e-09,
    "residual_max_abs": 3.287087935177624e-08,
    "residual_ok": true,
    "result": {
      "boundary_abs_max": 0.0,
      "boundary_cells": 552,
      "boundary_ok": true,
      "central_stencil_residual_l2": 8.551218429745302e-09,
      "central_stencil_residual_max_abs": 3.2870880128932356e-08,
      "finite_gradient": true,
      "finite_h": true,
      "finite_hessian": true,
      "h_max_solve": 0.15410292614067847,
      "h_mean_solve": 0.051815698354929676,
      "h_min_solve": 0.0012934660434027587,
      "residual_count": 3065,
      "residual_l2": 8.551218500753449e-09,
      "residual_max_abs": 3.287087935177624e-08,
      "residual_ok": true,
      "solve_cells": 3065,
      "solver_ok": true,
      "solver_status": "unknown",
      "tolerances": {
        "boundary": 1e-08,
        "residual": 1e-05
      },
      "valid": true
    },
    "solve_cells": 3065,
    "solver_ok": true,
    "solver_status": "unknown",
    "tolerances": {
      "boundary": 1e-08,
      "residual": 1e-05
    },
    "valid": true
  },
  "wall_time_s": 0.021130286004336085
}