{
  "source_points_px": [
    [
      0.0,
      0.0
    ],
    [
      639.0,
      0.0
    ],
    [
      639.0,
      479.0
    ],
    [
      0.0,
      479.0
    ]
  ],
  "destination_points_px": [
    [
      0.0,
      0.0
    ],
    [
      319.0,
      0.0
    ],
    [
      319.0,
      239.0
    ],
    [
      0.0,
      239.0
    ]
  ],
  "homography": [
    [
      0.49921752738654157,
      0.0,
      0.0
    ],
    [
      0.0,
      0.49895615866388315,
      0.0
    ],
    [
      1.8610216951436943e-19,
      0.0,
      1.0
    ]
  ],
  "output_size_px": [
    320,
    240
  ],
  "workspace_size_m": [
    6.0,
    4.5
  ],
  "mode": "assume_top_down"
}