{
  "source_points_px": [
    [
      0.0,
      0.0
    ],
    [
      895.0,
      0.0
    ],
    [
      895.0,
      894.0
    ],
    [
      0.0,
      894.0
    ]
  ],
  "destination_points_px": [
    [
      0.0,
      0.0
    ],
    [
      639.0,
      0.0
    ],
    [
      639.0,
      479.0
    ],
    [
      0.0,
      479.0
    ]
  ],
  "homography": [
    [
      0.7139664804469273,
      0.0,
      0.0
    ],
    [
      0.0,
      0.5357941834451901,
      0.0
    ],
    [
      0.0,
      -1.9900858395496324e-19,
      1.0
    ]
  ],
  "output_size_px": [
    640,
    480
  ],
  "workspace_size_m": [
    4.0,
    3.0
  ],
  "mode": "assume_top_down"
}