{
  "shape": [
    60,
    80
  ],
  "h_min": 0.0010709199867728375,
  "h_max": 0.43960242557140605,
  "h_mean": 0.17071113759718737,
  "forcing_min": -1.0,
  "forcing_max": -1.0,
  "free_cells": 4213,
  "solve_cells": 3766,
  "boundary_cells": 447,
  "solver_info": {
    "solver": "sparse_direct",
    "elapsed_time": 0.025051955999515485,
    "unknowns": 3766,
    "nonzeros": 18320,
    "ndim": 2,
    "grid_spacing": [
      0.05084745762711865,
      0.05063291139240506
    ],
    "residual": {
      "max_abs": 12.72449298577533,
      "l2": 0.8339369202982889
    }
  },
  "timing": {
    "domain": 8.707000233698636e-05,
    "forcing": 5.879400123376399e-05,
    "solve": 0.025208136001310777,
    "derivatives": 0.00021699100034311414
  },
  "diagnostics": {
    "forcing": {
      "method": "constant",
      "c": 1.0,
      "min": -1.0,
      "max": -1.0,
      "mean": -1.0
    },
    "laplacian_check": {
      "max_abs_delta_h_minus_f": 12.72449298577533,
      "l2_delta_h_minus_f": 0.8339369202982889
    }
  }
}