{
  "diagnostics": {
    "forcing": {
      "c": 1.0,
      "max": -1.0,
      "mean": -1.0,
      "method": "constant",
      "min": -1.0
    },
    "laplacian_check": {
      "l2_delta_h_minus_f": 0.6145580770233756,
      "max_abs_delta_h_minus_f": 5.852509014271937
    }
  },
  "forcing_method": "constant",
  "solver": "conjugate_gradient",
  "solver_info": {
    "elapsed_time": 0.030077477000304498,
    "grid_spacing": [
      0.06338028169014084,
      0.06315789473684211
    ],
    "info_code": 0,
    "ndim": 2,
    "nonzeros": 22828,
    "residual": {
      "l2": 0.6145580770233756,
      "max_abs": 5.852509014271937
    },
    "solver": "conjugate_gradient",
    "unknowns": 4696
  },
  "timing": {
    "derivatives": 0.0002464600038365461,
    "domain": 5.700399924535304e-05,
    "forcing": 3.517900040606037e-05,
    "solve": 0.03021176099719014
  },
  "validation": {
    "boundary_abs_max": 0.0,
    "boundary_cells": 582,
    "boundary_ok": true,
    "central_stencil_residual_l2": 9.44451501243042e-08,
    "central_stencil_residual_max_abs": 3.8807124935757997e-07,
    "finite_gradient": true,
    "finite_h": true,
    "finite_hessian": true,
    "h_max_solve": 0.4744711181287728,
    "h_mean_solve": 0.17655711905391314,
    "h_min_solve": 0.0016330375754649168,
    "input": {
      "free_cells": 5278,
      "fully_free": false,
      "occupied_cells": 1634,
      "occupied_fraction": 0.23640046296296297,
      "shape_yx": [
        72,
        96
      ]
    },
    "residual_count": 4696,
    "residual_l2": 9.444515004054597e-08,
    "residual_max_abs": 3.880712142745324e-07,
    "residual_ok": true,
    "result": {
      "boundary_abs_max": 0.0,
      "boundary_cells": 582,
      "boundary_ok": true,
      "central_stencil_residual_l2": 9.44451501243042e-08,
      "central_stencil_residual_max_abs": 3.8807124935757997e-07,
      "finite_gradient": true,
      "finite_h": true,
      "finite_hessian": true,
      "h_max_solve": 0.4744711181287728,
      "h_mean_solve": 0.17655711905391314,
      "h_min_solve": 0.0016330375754649168,
      "residual_count": 4696,
      "residual_l2": 9.444515004054597e-08,
      "residual_max_abs": 3.880712142745324e-07,
      "residual_ok": true,
      "solve_cells": 4696,
      "solver_ok": true,
      "solver_status": "unknown",
      "tolerances": {
        "boundary": 1e-08,
        "residual": 1e-05
      },
      "valid": true
    },
    "solve_cells": 4696,
    "solver_ok": true,
    "solver_status": "unknown",
    "tolerances": {
      "boundary": 1e-08,
      "residual": 1e-05
    },
    "valid": true
  },
  "wall_time_s": 0.03056760100298561
}