{
  "shape": [
    72,
    96
  ],
  "h_min": 0.0016330375754649168,
  "h_max": 0.4744711181287728,
  "h_mean": 0.17655711905391314,
  "forcing_min": -1.0,
  "forcing_max": -1.0,
  "free_cells": 5278,
  "solve_cells": 4696,
  "boundary_cells": 582,
  "solver_info": {
    "solver": "conjugate_gradient",
    "elapsed_time": 0.030077477000304498,
    "info_code": 0,
    "unknowns": 4696,
    "nonzeros": 22828,
    "ndim": 2,
    "grid_spacing": [
      0.06338028169014084,
      0.06315789473684211
    ],
    "residual": {
      "max_abs": 5.852509014271937,
      "l2": 0.6145580770233756
    }
  },
  "timing": {
    "domain": 5.700399924535304e-05,
    "forcing": 3.517900040606037e-05,
    "solve": 0.03021176099719014,
    "derivatives": 0.0002464600038365461
  },
  "diagnostics": {
    "forcing": {
      "method": "constant",
      "c": 1.0,
      "min": -1.0,
      "max": -1.0,
      "mean": -1.0
    },
    "laplacian_check": {
      "max_abs_delta_h_minus_f": 5.852509014271937,
      "l2_delta_h_minus_f": 0.6145580770233756
    }
  }
}